{"cape_0to3_ml": [0.01627081591467263, 0.3334032333753098], "srh_0to1": [149.9723292328842, 111.5355806304217], "srh_0to3": [331.7746198212703, 193.38451401174453], "qv_2": [0.0073269952415576005, 0.00274237747639451], "t_2": [65.25849822669117, 15.245215333588003], "td_2": [43.71701039270311, 12.75619893999395], "buoyancy": [0.010149709885499405, 0.21775100055786667], "rel_helicity_0to1": [158.40064666364424, 205.80860216514898], "10-500 m bulk shear": [13.874714604339971, 6.625791258412686], "Mid-level Lapse Rate": [8.912340027308625, 1.1544841787913573], "Low-level Lapse Rate": [9.106569979251033, 2.7839483053279324], "Temp (1km)": [286.29404640679405, 5.214177915113072], "Temp (3km)": [273.7942738503078, 3.898003812378201], "Geopotential (1km)": [331.67970502190946, 182.9141401959995], "Geopotential (5km)": [1254.598432978791, 524.8380169857594], "uh_0to2": [0.13627603992669576, 0.44808348111084967], "uh_2to5": [0.23484114178339957, 1.0653207889968186], "wz_0to2": [0.00016646823777770212, 0.00023868525647867072], "comp_dz": [7.435465653017432, 11.017059572623118], "ws_80": [19.39232131673147, 5.614713829956856], "w_1km": [0.22491975430371478, 0.35385365791983875], "w_down": [-0.12007181575968652, 0.08416558864838036], "div_10m": [0.000337229386900088, 0.00046802648665151257]}